x, y, theta, stamp, 
-1.999849310275702, -0.5000011516162362, 3.993179494663581e-05, 1547171000000.0, 
-1.9998492961604237, -0.5000011516246544, 3.993280044247119e-05, 1547205000000.0, 
-1.9998492813349271, -0.5000011516233374, 3.9933813938152716e-05, 1547239000000.0, 
